from,to,width
Akbar H,Al-Dajani H,2
Akbar H,Kim YA,2
Akbar H,Tzokas N,2
Al-Dajani H,Kim YA,2
Al-Dajani H,Tzokas N,2
Anderson MH,Sun PYT,2
Aribi A,Dupouet O,2
Ariza-Montes JA,Leal-Rodriguez AL,2
Ariza-Montes JA,Roldan JL,2
Bjorkman I,Fey CF,3
Bjorkman I,Minbaeva D,2
Bjorkman I,Park HJ,2
Bjorkman I,Pedersen T,3
Bolivar-Ramos MT,Garcia-Morales VJ,2
Bolivar-Ramos MT,Martin-Rojas R,2
Brettel M,Flatten TC,2
Camison C,Fores B,3
Chang CH,Chen YS,3
Chang CH,Lin MJJ,2
Chang S,Gong YP,2
Chen YS,Lin MJJ,2
Chen YS,Lin YH,2
Clarysse B,Knockaert M,2
Clarysse B,Spithoven A,2
Egbetokun A,Savin I,2
Engelen A,Flatten TC,2
Exposito-Langa M,Molina-Morales FX,2
Fey CF,Minbaeva D,2
Fey CF,Park HJ,2
Fey CF,Pedersen T,3
Fosfuri A,Tribo JA,2
Garcia-Morales VJ,Martin-Rojas R,2
Hayton JC,Zahra SA,2
Hurmelinna-Laukkanen P,Olander H,2
Jimenez-Castillo D,Sanchez-Perez M,2
Kim YA,Tzokas N,2
Knockaert M,Spithoven A,2
Knoppen D,Revilla E,2
Knoppen D,Saenz MJ,3
Leal-Rodriguez AL,Roldan JL,2
Lewin AY,Massini S,2
Lewin AY,Peeters C,2
Lichtenthaler E,Lichtenthaler U,2
Massini S,Peeters C,2
McAdam M,McAdam R,2
McAdam R,Miller K,2
Minbaeva D,Park HJ,2
Minbaeva D,Pedersen T,2
Parida V,Patel PC,2
Park HJ,Pedersen T,2
Pedersen T,Schleimer SC,2
Revilla E,Saenz MJ,2
Sharifi H,Tavani SN,2
Van den Bosch FAJ,Volberda HW,3
